File,epsilon_inf,t_sw,t_au,m,n,chi,reduced_chi,R_sq
e_026_01,137.86764504794778,3.267517197204985,175.41651273248925,4.7435781245056745,4.999999999999999,1306.6165770146322,62.219837000696770.04476349672757751,
e_026_02,82545.35068144799,108021.39398496412,14609.953009820816,4.532232158606089,1.5766780645047669,630.6690898238636,63.066908982386360.9060329742797748,
e_026_03,5517.341848270385,406.9116278485877,1387.1814025829356,4.594018161957503,1.3320116591405158,1242.1225787134829,103.510214892790240.863218309356714,
e_037_02,-501.65462361607985,399.0738516656517,117.74909168119484,4.999999999999999,4.999999999999999,470.77304873096807,39.231087394247340.37454734907096887,
e_037_03,834.942642552102,228.3711542409008,516.7828794335696,4.999999999999999,2.371346732363853,4.633647137852936,0.386137261487744740.9957529594306467,
e_037_04,-387.81510146675623,348.13187296071345,0.5589963389555379,4.999999999999999,3.611728650553202,206.3595367741949,17.1966280645162430.33995984113663935,
e_051_01,-213.9028039120171,193.92233424939118,188.48207022226825,1.8865471217633791,1.9648902681345104,78.61757938037564,2.4567993556367390.8392900311008895,
e_051_02,-250.10358555215345,335.8638306540727,215.67257176391442,1.9471318559394101e-31,2.541875706555228,27.36823435432948,1.05262439824344130.9670082724768932,
e_051_03,-1565.48376321806,1.1365343131815088e-08,4416.576783697228,0.04621750488552873,0.6284487995532851,61.72440973660625,2.12842792195193950.9185187944151028,
e_051_13,-928.1079635695307,189.16728001354457,773.6122142560339,4.999999999999999,1.6634797768401648,209.26148343294147,8.7192284763725620.7747872404232427,
e_051_14,72.65719869395804,3.5447886932977557,101.91284076433395,4.166091803371828,4.999999999999999,299.02200933718615,13.5919095153266430.16179461668355222,
e_051_15,165.76548059775757,0.6694238319551191,207.049529710502,3.7092206919881217,4.999999999999999,272.97059461736984,10.9188237846947940.7778860875390952,
e_051_25,594.7744248807774,5.437097090761224e-09,623.4787207568218,0.13633854767555706,2.1316014604840983,194.89378917040455,8.4736430074088940.898392647201085,
e_051_26,36987.534854576785,720709456238.5018,14090.081540636704,0.20198281093797424,1.3501933767095893,141.7990109941787,4.4312190935680840.971216062593762,
e_054_01,3626.5032866036213,87.51459183487438,4654.3962159646835,4.999977730031434,0.3301000553565743,1.9390286930701e-09,1.9390286930701e-090.9999999999882483,
e_054_03,-3081.9448143596833,90.47050620801753,987.5470023014876,4.99999998246026,0.4585548827301074,4.489267553136697e-15,4.4892675531366965e-151.0,
e_054_05,-826.9443946570942,36.913979774551244,232.46684859760055,4.99999999999817,4.999999999999999,1.001047729252612,1.00104772925261190.9993536414984648,
e_054_07,-1987.7971338425875,44.28494506292115,316.6414609635316,4.9999998508151595,1.0797327082948491,4.116574751976921e-07,4.116574751976921e-070.9999999997497142,
e_054_09,-5116.94246771385,131.97936094532776,678.3535805149867,3.501674974021965,1.0728214568672747,5.55477389249145e-13,5.55477389249145e-130.9999999999999998,
e_054_11,-3143.2989367586592,117.35142755705513,204.81878890477367,4.999999999999999,1.2235629335317937,4.851658287160187,4.8516582871601860.9985667183789778,
e_054_13,-5498.872846816535,488.061499287374,896.6429229787599,4.925775711710852,1.7195012184081733,3.4440492393203354e-19,3.4440492393203354e-191.0,
e_054_15,-11575.693435667434,904.8220196401574,2546.673121463641,4.999999167229961,1.245173058605418,0.23500166530276564,0.235001665302765640.9998820716771784,
e_054_17,298.79027323809487,230.3791926276176,0.42131515587361656,4.999999999999999,3.6019203548689003,892.1824665669011,892.18246656690110.08400157436663136,
e_054_19,-21629.292860835983,597.3198000750382,5817.915536189928,4.999989972210196,0.9756454470885598,2.6780549185250995,2.67805491852509950.9990632077241713,
e_054_21,-1293.6922617477096,39521.5804088577,264.6628608498541,2.950829575221669e-16,3.072809256008441,19.40248860859709,19.402488608597090.9927925376639684,
e_054_23,-1251.925172614059,15348.25495455884,255.7838862356226,1.3546932828447102e-33,3.1096123180205093,95.73973921133155,95.739739211331570.9704027392499168,
e_054_25,-1656.935971549144,3836.8769553788206,507.7796481519347,0.05896774628494038,4.997244221889575,3.712048080640562e-21,3.712048080640562e-211.0,
e_054_27,-2574.0812715626644,26070.29953664148,414.57889285707466,2.229640867000819e-30,4.999999999999526,1020.2330566960339,1020.2330566960340.8535130099507944,
e_076_01,-1250.6687412895376,1197.8059297386144,6.944019316611644,0.0059555148128653925,4.999999996850376,1.0539516451919642e-06,1.0539516451919642e-060.9999999997992014,
e_076_03,3913.8242863698747,55.819225077234115,29.73584115844648,4.999999999999999,4.999999999999999,68372.46466281313,4558.1643108542090.4834037837694656,
e_076_05,6695.782024117794,62.829650841389075,29.021264303403388,4.999999999999999,4.999999999999999,42196.83530238834,3245.9104078760260.7597395573028798,
e_076_07,9917.009621879792,0.4568746326740073,25.739306600282468,4.999443980937065,4.999999999999999,63636.829719378264,7954.6037149222820.7460165337953124,
e_076_09,1056.9480471600862,164.4947006747138,16.371660767952562,4.999999999999999,1.9704355329988656,9223.181220818173,922.31812208181710.08967714153597284,
e_076_11,20771.415840366153,2.5759083994702525,399.7979846391602,3.0251048498843534,4.9999999999998055,124716.41805954005,13857.3797843933390.2513199428948,
e_076_13,13428.41074014578,6.151849148745542,376.2763667719025,4.999999812182941,4.999999999999999,351659.66018986097,35165.9660189860950.35275263055922834,
e_083_04,3078.4542398189155,0.027657677684476262,6.8225154729719595,4.999986152270254,1.5991376239577642,1223.7323687467922,48.949294749871690.987512184427111,
e_083_06,2136.9175715562187,1320.905155657898,6.352491355114343,4.355733839634873e-22,1.2916239059206238,426.04134099400255,35.5034450828335440.987539360587787,
e_083_08,2084.488719339974,214262.49696381844,6.3408721347333765,1.0171676642875443e-26,1.8775414049687016,1060.0844649498047,42.403378597992190.970865227879211,
e_083_10,1634.6574108902505,141.61218113847403,4.603116077679534,3.2533613260265954,2.763458166983311,599.2219138294719,31.5379954647090450.9772442934972018,
e_086_03,1647.9972265791464,3928.487170451126,81.77382101410245,1.477706618902534e-22,2.2124157681718044,314.8785000599288,24.221423081532990.9700617852539459,
e_086_04,3097.7720637877,7084.8438717302515,113.1630620385365,6.862817235346958e-31,1.092993136316567,624.4048590463112,48.031143003562410.9803171392495983,
e_090_02,5634.934138345258,937.6320523522464,65.20812487583322,5.056938497165918e-33,1.4806386021272893,3181.7336551315075,530.28894252191790.9783065949601369,
e_096_19,121107531.98250274,231962.7890189712,8779272.088633645,0.597742179431924,0.5885704033486502,9.999999999999996e-251,-inf0.9556996323487429,
e_096_20,5123.893285895305,414.86332268802107,129.5884193698823,0.3854783632063372,0.3759431793587992,126.94474394200527,18.134963420286470.9928408347079647,
e_096_21,3232.5496851641524,547.608627028769,16.46421704122567,4.999999999999999,1.579505504142284,718.5604075675911,102.651486795370160.9814811973480282,
e_096_22,8539.44043084323,311.0687622909641,1646.0133746270885,3.7931439967998113,0.5727627493533116,233.04316728162053,33.29188104023150.9881957138987896,
e_096_23,2732.831048550324,25332.355406803446,3.5051191401574977,1.891575832378644e-18,1.0127340072349202,831.1320621873232,118.733151741046160.8864987169263489,
e_096_24,6544.884454170928,232.46244936724372,687.0162083568913,3.52387552416645,0.6229949903391329,157.89132868444642,22.5559040977780650.9922448961827578,
e_096_25,9905.215289620313,151.93773566012277,1200.4357838875435,1.5821074668560702,0.33405902622258604,369.2935374159722,52.756219630853180.9730534462166679,
e_096_26,1231.7706690030448,23.3883800477268,7.157455462722018,4.9999999999824265,1.8254382509569842,169.590547030811,24.227221004401570.9436326566483012,
e_096_27,1365.6640976889364,3.481115862017675e-05,7.645473752377927,3.3074348589914626,3.767572138957724,250.6755024909654,35.8107860701379150.9727888949506401,
S_031_03,16159.532626084005,201.6427786529255,331.3378298811538,4.999999999999994,1.6259569942979075,1586.2921977868527,176.254688642983640.9894696913810609,
A_009_02,4569.6262565951565,28.797058356644406,51.263183855625144,0.6270764605094268,3.6342725663556927,4.169144943721168,4.1691449437211680.9999284748299219,
A_009_04,5273.027867147704,1.4579059224681463e-08,50.19517661460112,0.02311793509893357,3.3549646164542954,77.2498214725202,77.249821472520210.9986510162983362,
A_009_06,4671.1752486481,1.1802186918517864e-08,51.20528941580361,0.029137253923706412,3.0946823777855865,28.54409065713717,28.5440906571371720.9993893371672827,
A_009_08,6322.655315666762,0.1964751545060743,53.459783390106345,4.999906752800461,2.8534867195151232,23.331904820249232,23.3319048202492350.9996155256171151,
A_009_10,6559.563785955199,0.18473852938137147,53.9044751978627,4.9966172243198,2.7787662298393307,310.14218383250784,310.14218383250790.9967605382161411,
A_015_01,3486.88253626274,24765.121319823444,0.23041988897788954,4.995496508974861,4.999999999999999,53945.98578192702,1860.20640627334550.9849156519017475,
A_015_02,1283.1621416457965,3728.3343692748917,0.36899323889951297,4.954838891192977,4.999999999999999,11117.806380853828,483.38288612407950.975996452457524,
A_015_03,1874.3203011065964,8012.8449795185115,0.2770468841634469,4.9849313424380615,4.999999999999999,6558.93886693205,298.13358486054770.9932509699933899,
A_015_04,524.7740683014207,27.33824943425663,0.4955695721949148,7.192586137276386e-33,4.999999999999999,3605.465648376327,400.60729426403630.9278183216617654,
A_015_05,3460.680371722892,6455.6707188503215,0.22075801735061776,4.9941880952361055,4.999999999999999,63769.39363118537,1723.49712516717250.9843339595621686,
A_015_06,5438.249069645996,4410.413236329907,0.2328240731037896,4.995903114477146,4.999999999999712,192697.7771005693,5352.716030571370.9842340837408492,
A_022_01,1136.111577776469,24.93054563572491,0.3895020788309644,2.078494067077787,4.05243217716535,166.8585919061809,11.1239061270787260.11676126494489858,
A_022_02,37177.19384121187,47.310585788428895,39992.289759936604,1.997228485517729e-09,0.3138527182816318,187.9779835474293,12.5318655698286180.9982531236926245,
A_022_03,1154.0736268960325,277.09928354063715,7.994759899049858,3.4140066934643753e-13,1.6933215981293197,80.31969606944378,3.82474743187827530.98690566996462,
A_022_05,1373.5633911680936,0.025920794192138236,6.11252460376112,4.999987766712911,1.798790667443304,469.63824575019487,26.0910136527886040.9609676831277478,
A_022_07,6028.757689056299,6478.026295300518,3.3836363716616784,5.921233608838188e-29,1.2526876417002109,875.541548598522,39.797343118114640.9951498832862707,
A_022_09,3546.251973247965,2.136020319136416e-09,5.755446096608487,0.06031031938306414,1.253728870739108,563.2098680021752,17.0669656970356130.9931666858144605,
A_022_11,2483.942259231419,1.268014861487065e-12,3.4784851863505697,2.704192935785428,1.1336514193445415,86.19755956614831,4.1046456936261110.9968899438882484,
A_022_13,2477.593773642568,9.073557569998564e-12,4.212002743123268,1.2749843680472108,0.923825670698536,266.6802194584424,11.5947921503670610.9913867961388895,
A_022_15,1786.3733043772256,63.20424160328879,2.2865487377746367,2.181250021032263,1.4704125185058352,463.2013831013466,19.3000576292227740.9802534618086185,
A_023_01,825.1768547240143,1614.5213979173666,6.480161752224713,6.788527143811598e-15,1.0059437019967987,89.69634173571117,5.9797561157140780.9806969535905292,
A_023_02,4612.950334125936,2407.5884458490523,3.3681511204817687,3.769615974032326e-18,0.3248605973406435,1708.9523941820144,81.378685437238770.947211650130171,
A_023_03,83348.58593063641,928.5279210614765,96379314921012.2,2.422763263610737,0.1045091488379404,9.999999999999996e-251,-inf0.9951184986329774,
A_023_04,7266.687386616052,46871.785230108435,0.5104348365702217,6.921685522290747e-24,0.8934072453306976,5557.308096802331,308.73933871124070.9317136818496371,
A_023_05,648.4442556242577,42.2388744703159,16.35141535177578,4.999999999999999,1.236506668964122,50.1124296725031,4.1760358060419250.9760743308130696,
A_023_06,5541.503502175916,4.9990979418587775,31.057675804285733,1.4491787864491752,0.22331433791048752,40.29024874635239,3.09924990356556850.9943292717643356,
A_023_07,3000.832297621916,325.5494129714716,1.180776163539604,6.660264390739635e-26,3.8000284640506887,7047.875877718934,469.858391847928940.8495995141538599,
A_023_08,5662.241895106218,25369.919228223265,0.3366401549944784,5.774463935592992e-16,0.5622805651948117,420.7504730920882,26.2969045682555170.9819195322894614,
A_023_09,5385.25586726752,1256.6352460993564,0.982786991055972,4.999999999998339,0.2855410014041284,219.09230323192082,24.3435892479911970.9747637045607711,
A_023_10,3821.577917194007,10222.390817533817,0.6373732491501604,4.999990164326831,0.5794492241348117,533.3763727684121,59.264041418712470.9531724793397296,
A_023_11,2805.1886135237223,2616.001175048033,0.644066885104186,2.1221023761325302e-29,1.4849914202797068,1125.4894934794677,86.576114883035960.9509382012600648,
A_023_12,2375.4091858988268,28624.420796435497,0.8348708895148149,3.1784299370119336e-28,1.4688064849221143,935.7608273883856,62.38405515922570.9643629920566762,
A_023_13,6622.611962052466,256413226168.83154,0.3779576641663548,4.9994545979566745,1.1348573817950829,5624.180985813581,468.68174881779850.8819845772131029,
A_023_14,6370.766696764829,20561.25229863869,0.44415104115784015,1.129288927514172e-22,1.0076232583566322,2742.5657054892386,195.897550392088480.9528172744754282,
A_023_15,4972.31539212991,120333.11870216294,0.7562837892563106,3.7693316760068035e-28,1.8016241497578804,1905.9929046584475,146.61483881988060.9515185597675242,
A_023_16,4028.8413114264977,127065.37715403235,1.4285891743694408,8.161171983065384e-28,1.5412325960472657,3672.930289591413,262.352163542243830.9689473501544092,
A_024_01,3766.987197173449,117775.77114257534,2.023348119931268,1.350777380617207e-28,1.5173018893987769,2998.9071864268817,136.313963019403730.9745910288036517,
A_024_02,1570.278557498329,13324.561349405392,3.1316981874657386,3.034080652136889e-25,1.2754187575958136,292.4494806224638,18.278092538903990.9792120248009631,
A_024_03,1427.292019760845,3.536939291595853e-37,2.8680088094872813,0.35486332989131897,1.0252385736146554,49.245318882647155,3.51752277733193970.99129550479206,
A_024_04,1049.0305677834033,3.9246234262872244e-09,2.9346651082492405,0.023599924757331404,1.1394838253813868,34.70362652672616,2.6695097328250890.9876696514036579,
A_031_02,3118.003195815037,6936.723329935471,36.650642501153456,2.2909223985451067e-18,1.006257674119334,762.1982270520211,44.835189826589480.9759113668805088,
A_031_04,4101.828891318407,1.5356450398673225e-06,30.253367115480465,4.569439502805912,0.7762965974337606,1229.6521954240816,64.718536601267450.9791249831590759,
A_031_06,4241.071172062597,1655.655645445328,42.28321431544618,2.8909530931038714e-30,1.0413594328345035,1151.6625324606962,60.613817497931380.9837100292502814,
A_031_08,5260.514811652241,602.9787388216199,72.30015699592482,2.3119783392068047,0.9043684757453576,382.21664871448996,18.2007927959280950.9967105621181516,
A_033_01,10107.19747867861,3.498005990157413,496.04312517456975,1.8265339959561813,0.7195533653281092,627.5467891283076,8.9649541304043950.995565066360085,
A_033_02,4776.635093926051,2.8557247558792214,105.77682019906908,4.5350588648394625,1.1905838014313717,1034.3693897791845,13.7915918637224610.9964803348011777,
A_036_11,1114.635054130838,3.41394233392714,14.0263042468876,1.4901161193847656e-08,2.7733628040896403,9.999999999999996e-251,-inf0.2389066341496061,
A_036_16,85329.42222402008,53.171350302957,23186.74682780729,0.4585171732741085,0.3380083435667986,91.85530286633349,18.3710605732666960.9673539642250413,
A_038_09,8266.612938906921,7535.473082491029,2.29569761952183,4.999772518810688,0.8264916247556582,244.03158715039882,81.343862383466260.9968960445196964,
A_038_10,11774.680277369367,15931.041527406465,5.222433588868467,4.575029244082051,0.4394860128199733,56.25151370926475,18.7505045697549130.9993523621907502,
A_046_01,2858.501628604109,2061.7171645647627,8.566908683408581,2.224509606838689e-31,4.999999999999726,1393.57236114844,464.524120382813350.7728390423460496,
A_046_02,4541.485055066121,36.851518823448615,6.460727678398472,4.999999999999997,1.7026086695620777,298.88221530769175,59.776443061538350.9932382662177528,
A_046_05,2534.4978041872355,0.0008881025929510373,4.206962452310223,1.915068701729087e-10,2.2639821641233424,201.66070677009145,50.415176692522860.9675580876387585,
A_046_07,4307.847660766451,81.97797333266438,10.591185770882788,7.572128178674948e-14,1.3627440462507303,3078.638694071509,256.55322450595910.9589387217452221,
A_047_01,6584.253210547708,117.12351367359359,0.7866016142247899,9.508186504522257e-34,4.999999999999999,96837.64212791123,6052.3526329944530.861751376189695,
A_047_02,5134.608905910515,10556.01793606672,0.8107749319583165,8.280507459692423e-28,4.999999999999999,70870.32753615655,4168.8427962445030.8665672158349051,
A_047_03,3865.884730150394,1.1676337141528196e-05,1.005152006385875,3.9211662642449826e-11,4.999999999999999,81670.07324638023,4537.22629146556850.8512912121472553,
A_047_04,7955.819125960295,11130380.818600222,0.7826534495422217,5.113631177891409e-27,1.3621857327698497,51262.31600479224,3203.89475029951560.9522847531518137,
A_047_05,7416.754448549395,789533.3063413476,0.8727649145782568,1.1197552209674392e-26,3.03709986054988,75771.34594144442,3987.9655758654960.9574500101219877,
A_047_06,6254.348681208616,52148.35196466977,1.2599589108155558,7.222558194209868e-27,1.3074016108407511,80722.47157908684,3843.9272180517540.9496741881009033,
A_047_07,6200.834009473773,1597.7132123901981,0.8422742068534599,5.514772968690538e-30,4.999999999999999,121274.12058362154,5512.46002652825250.8544637872132622,
A_047_08,5362.382417407118,3422.2011707074935,0.8771380618308583,6.734920283768976e-11,4.999999999999999,79834.74800413019,3628.85218200591770.8576208355894466,
A_047_09,7200.442703345308,4648417.144359151,0.7795519237369156,4.395812927192735e-27,1.5356174336056008,79218.10814390908,3168.7243257563630.937041244048022,
A_047_10,6881.676624713941,8384.098107233178,0.5730511151483085,5.590213132730218e-25,2.7276568829818855,63811.429764209,2454.28576016188440.9370479486645631,
A_047_11,8654.522188691404,0.06433086235366403,1.3809693011678978,1.2768909641073168e-09,0.4804163263577073,202538.1861298332,11914.0109488137170.6262861687643655,
A_047_12,6767.795987328293,1140.5646333661666,0.7168442121585551,2.1662553196811017e-15,4.999999999999999,128391.2479329366,6757.43410173350550.5778803931601804,
A_047_13,5727.133269114769,2656.3148768967285,0.9713666631800356,1.479125946938876e-29,4.9999999999999964,58805.68332394771,3266.9824068859840.8905606058179576,
A_047_14,8485.69289578907,241916129.114692,0.8402497143272483,3.6782692324186015e-24,1.5471515353871217,67400.24234045952,3209.5353495456910.9553607325500978,
A_047_15,7723.905932797015,1601027.1862368062,0.6912307101946596,1.2148068262693721e-26,3.0362357251080416,71033.67441688024,3382.5559246133450.9506628397254854,
A_047_16,7884.151128285394,33177.79620855098,0.7052505209918106,4.090722145118398e-30,2.4063431242737128,78678.77277983329,3026.10664537820370.9494977250609274,
A_053_01,-4230.705583747636,0.30950287637657586,1.8136679828742812,0.9399303723707934,4.999999999999999,6049.59899181175,99.173753964127070.9827367575349588,
A_053_02,-5119.311182519128,34524.39261703817,2.095167071107355,1.1372903047974887e-26,3.935200188760291,7190.928103940404,163.430184180463730.9798201373951922,
A_053_03,-192.76364354898172,2.8784483012728197,2.1413099547939263,1.213108195602987e-42,4.999999999999999,9.999999999999996e-251,-inf-0.026566637163102147,
A_053_04,104.47489801171189,7.1731572422192444,0.01141061345687124,4.999999999999999,3.8394025870014175,16847.164665012442,401.122968214581930.023008136957784142,
A_053_05,13.444792946255658,0.08449906037772903,5.851984277224824,4.998212402201988,4.999999953051138,411.03708104139986,7.904559250796150.04409894704061901,
A_053_06,37711.46151193352,11835.490412206567,591767.3005353288,4.999705018864068,0.2069297248516074,25466.329421833154,565.91843159629230.7723050024630722,
A_053_07,3556.9106719229194,1354916925.9556932,1.4926044657833266,1.636172798156592e-25,2.1627051357880926,16973.57114084,547.53455293032250.787591223884926,
A_053_08,2787.8817570724686,2.7117418728336014,11.170431159715669,4.999999999999999,0.6166156895930514,9.999999999999996e-251,-inf0.7249770181546538,
A_053_09,25656.590254884522,4463.334720827424,5429529.348417615,4.997234439648025,0.20709164268373387,14637.96365042964,385.209569748148340.49602349584572325,
A_061_01,726.9599071334861,1.3836417121217637,0.001105054423788952,4.999999925494193,3.968917011337232,9.999999999999996e-251,-inf0.1278546176783939,
A_061_02,5703.965952442892,166.93144575427434,0.3717412751072228,4.999999999999999,4.999999999999999,26413.88729762802,2031.8374844329250.899114167555118,
A_061_03,2949.7918847085252,133809.62302844046,0.4048352359029781,4.999994861363303,3.4307463311660733,4692.130703778546,293.25816898615910.927948382586204,
A_062_01,55011.096507669725,977290671.1557713,0.5529253314381788,4.999999999807403,2.1689426843025457,1419680.9392820173,236613.489880336220.934625872124644,
A_062_02,655.846304342919,3.770034286337903,0.1622752589469543,1.4901161193847656e-08,4.9999568772412415,9.999999999999996e-251,-inf-2.560568086360566,
A_062_03,5507.468498773322,25860.021195902376,3.5343805697084867,3.955075413110104,0.6778072085018699,67598.22288779683,8449.7778609746020.9730119239720953,
A_062_04,9131.677262376554,131719.48512225598,0.3556101593940033,2.5203930400018313e-28,4.999999999999999,218073.13456150546,31153.3049373579230.945392957655485,
A_062_05,2822.197884479217,7461.9446381661255,14.379869973585516,1.2282747257295036e-31,1.5617289873242446,98988.87886428076,10998.7643182534180.9583046161435191,
A_062_06,7154.279238001782,33835.68958106016,0.6787863429076247,9.649755261996675e-17,0.4871043970915633,293486.0981670569,22575.853705158220.9159478827776475,
A_062_07,7640.5307138860535,14562.660070774817,10.803981521473998,1.8672329738194983e-22,0.8071743586232103,16759.941842801836,1862.2157603113150.9968168522647572,
A_062_08,7312.9384970607725,2956.7325598107373,133.9025161449877,4.058938604529988e-14,0.43868023602031897,7306.887512911488,811.87639032349860.9946533523831458,
A_062_09,6934.735187074489,14422.274085353276,1.4553586321970018,8.056163384355755e-27,0.8082598195312289,99628.93332586712,7663.7641019897770.9853641715879695,
A_062_10,541.4899704999439,69.68163426761654,18.01787831122612,1.1175906903533331e-49,2.922137977859379,9615.432197165332,1602.57203286088880.8389829307133201,
A_062_11,-945.12963915571,11.180248199802424,0.2349609602229375,4.999999999999999,4.999999999999999,504195.67975192826,42016.3066459940240.1450783560137987,
A_062_12,5606.44339156533,50658.148454845534,3.0706723381785284,5.649852193546683e-28,0.7934209902909286,23715.426256195267,2635.04736179947440.9914867054714487,
A_062_13,2891.8101835048938,549.0379981534243,19.984776124902595,4.861980328081627e-38,1.0148920023351882,92928.71360324383,9292.8713603243830.9310514397351504,
A_062_14,2644.0391896767137,56.262505179020636,21.18582057299848,3.42480440489022e-36,0.9821187915039982,92593.05765776314,7122.5428967510110.9293674878473466,
A_062_15,3530.6936739157727,54213.12623304678,33.410418736475386,1.6540493309167563e-34,1.1253597004394802,254530.69458521012,21210.8912154341740.8973678798657463,
A_062_16,796.8650239518887,3.3608538575382485,0.2517588716475353,4.431310692869022e-34,4.999999925494177,9.999999999999996e-251,-inf-3.3638473260337314,
A_062_17,25230.77296761723,7.99393101021084e-12,2.4319616081034092,2.1506835542178653,0.7462246513887415,80749.20654178817,10093.6508177235210.9648930388282547,
A_062_18,212.85601589874724,2.9397877703553035,0.7919179589669859,1.4901161193847656e-08,4.999999999999996,9.999999999999996e-251,-inf-0.9689282092529652,
A_062_19,154.94444143248091,2.1340226060019143,0.8019706536295342,5.065938463611159e-35,4.999999999999998,9.999999999999996e-251,-inf-0.8300932842760804,
A_062_20,74176.95941610343,0.2462326103277604,1559.6066569262412,1.0320281509905185,0.3623217508676126,849.7582142920269,121.394030613146670.9982394216981029,
A_062_21,175094.5475746791,0.06847170808736239,4271579994017.924,1.421514087974692,0.07608745802053808,6528.760077330966,725.41778637010730.9546120701749705,
A_065_01,1235.7464370490884,239.92083561621286,16.208276077399745,4.999999999999999,2.214182484284349,57.030308169937506,57.0303081699375060.8987587519049469,
A_065_03,2330.163706658777,2.4527049475606515e-21,10.379311671203833,0.3747494345215057,1.8563317955547731,398.8722401704555,56.981748595779360.9295477664351364,
A_065_05,3494.6827279896333,10045.29827799147,17.846572653846483,4.999999999999999,1.6402913636763994,28.91960102870207,28.919601028702070.993241712642927,
A_065_07,2584.7689901746776,95.99780292696238,15.930766473584551,4.999999999999999,4.999999999999999,379.5328185740378,42.1703131748930960.7348717021191846,
A_068_01,30056.696572779718,91.27940163947737,435.8586175835503,4.457196916513606,0.33631861879034475,11047.408899334872,789.10063566677670.9633797540971889,
A_068_04,1467.101001925675,4.2391206483274055e-06,1.2735448369773683,4.956580372322316,4.999999999999999,1578.318996167001,394.579749041750230.8337996454083044,
A_068_05,100.45000673049135,2.617561201293596,1.6212924347404611,4.112263445263817e-23,4.999999999999999,9.999999999999996e-251,-inf0.10044535325985826,
A_068_06,414.78295186269094,2.1567976900010657,0.020735469118674132,4.999999999999999,3.8781883526059637,9.999999999999996e-251,-inf0.04778220164994551,
A_068_07,170.04139727682613,0.035145213253220946,1.3197602998941018,4.999264351226173,4.999999999999999,1323.3115128835484,441.10383762784950.09134804022263021,
A_068_08,5721.712880902057,0.367026697742844,1.5447744857952,6.868055489601868e-27,4.999999999999999,8316.355771316552,2772.1185904388510.9411919393855669,
A_068_09,177.34191247342827,9.396652528245577,2.169712201510353,4.988897921568402,4.999999999999999,9.999999999999996e-251,-inf0.06976573281000287,
A_068_10,4132.773047898902,9730.281531926728,1.8219124750822269,4.999972404941411,4.793061645256028,3373.5462419923515,843.38656049808790.9418624959608953,
A_068_11,-1062.6590928384692,0.5600322682680899,11.340642348667432,4.984255720386079,4.999999999999999,5514.671972497614,1838.2239908325380.5801121106342935,
A_068_12,5939.628062203655,0.0006977317515917968,1.4963975047138482,3.55227908179444,4.999999999999999,7406.670898363291,2468.890299454430.9475042299275427,
A_068_13,4221.888344200898,2264.7196730919386,1.8351655303464296,4.999975551022452,4.747983719754594,3116.190766775556,779.0476916938890.9469019537216523,
A_068_14,6207.766197324399,0.0002698112073914116,1.3307735953727942,4.998658727795402,4.999999999999999,17954.559020592482,3590.9118041184970.882121758767224,
A_068_15,1939.8514720971616,0.01211186877766833,1.3137006887892697,4.458365460318108,4.999999999999999,1537.749905772177,384.437476443044260.8670312823222097,
A_068_16,13038.870105307007,323.79732248450784,8.334417339279254,2.2651025797987163,0.5382482357054934,9.999999999999996e-251,-inf0.9587105604646707,
A_068_17,14538.219607883277,6590.4368612331455,14.298826717299715,4.975,0.31049905279828005,8527.314486178699,710.60954051489160.9364886352489902,
A_068_18,12464.033680370834,130.6742183768333,11.850176645828645,4.999999999991057,0.9329320459689991,11407.789605603164,877.52227735408950.9809631103513403,
A_068_19,12959.461761830671,617.3746481263038,8.12984172663579,2.022047396950444,0.5521631171784103,9.999999999999996e-251,-inf0.9535477844839062,
A_068_20,6702.893091901253,15120.142405768476,15.074321281403327,1.0564965932370548e-15,1.3139766591979032,11000.846011225349,916.73716760211240.9508780229181695,
A_070_01,5047.956262681203,22533.687237094502,3.1064567951847915,2.950014612572439e-29,0.6227452054258633,53590.5730457643,1140.2249584205170.8175324589631824,
A_070_02,39464.544575670734,11059.775439761097,261720068715.9237,2.3450064325935753e-13,0.09407538212296196,16085.762536500713,382.99434610715980.7445289132728481,
A_070_03,1496.7166046217362,2326.467081561416,0.7654166718104659,2.798613534694122e-32,4.999999984927948,13444.991365548183,240.089131527646120.7147484722196362,
A_071_01,7420.754118755583,0.027737792845152882,2.2644291209070238,4.975035609786084,2.3187880391059723,22465.31754542001,534.88851298619070.974661992101855,
A_071_02,5179.65572062347,16070.853293151851,2.5224382526850437,6.142406426483357e-29,1.5415296044333269,15439.223275093147,482.475727346660850.9313355507268621,
A_071_03,3395.1106774578693,3563.011934147082,2.91948180337286,1.9977790172370213e-25,1.3016985796006346,6253.120843467991,178.660595527656880.9547887923539549,
A_072_01,7396.849999932619,294.90329342755484,62.546361138500565,2.043130785852041e-30,0.39596199949847416,55.5672038735931,6.1741337637325660.9943740878746254,
A_072_02,8911.779430344593,0.9877374533596384,499.7173701124602,1.5836822738890242e-05,0.31338751557823696,103.65069068351656,11.516743409279620.9883767937505473,
A_072_03,599.1430398179357,4.909795768636481,3.603146875860672,1.3034085842364794e-20,2.7026544335748497,1.359808258095032,0.151089806455003560.9311459821459079,
A_072_04,58490.441646605286,19.7302856563766,384609845.0604727,5.5799247924370845e-09,0.12904915686713742,47.85785833836678,5.31753981537408650.9950264525073923,
A_072_05,4154.929100474556,10466.937951831362,3.5939237883445974,4.99999999999896,0.6312056622774331,20.664774363081413,2.2960860403423790.9955643274979039,
A_072_06,542130.5179837049,489.0584698402974,41735.62977484761,0.8108492924801026,0.5990662568630007,12.190102565552788,1.35445584061697640.9991812398363287,
A_072_07,5835.767008806378,65146.237997741846,5.137675750109877,4.125548615390138,1.2046072550232996,61.075239228941754,6.78613769210463950.994251496476144,
A_072_08,5047.303119654853,2095.785545185668,6.219861167691572,0.3264166235379876,1.4184358332654372,9.999999999999996e-251,-inf0.9967999447005281,
A_072_09,4511.1138903017545,2064.492433900838,11.124873934293637,2.116512233465257e-12,0.8279425260842033,140.9559052831591,15.661767253684340.9924134654499919,
A_074_01,707618.3718698608,36704.11850514649,5127.194313509073,0.3721170563894583,0.7675177881183507,9.999999999999996e-251,-inf0.9940459649068948,
A_074_02,4865.224469218435,0.020848295230130702,20.602716024824613,3.2014263691505347,1.4020994454100593,9.999999999999996e-251,-inf0.8219055773693581,
A_074_03,-466.48968450580077,2.659158847071525,0.011459187414076031,4.999999999999999,2.5034532810645995,29002.762919074146,292.957201202769170.13948461786155253,
A_074_04,-1105.6748518163097,2.7651112637810646,0.04791573165231298,4.999999999999999,2.5348705598292347,8749.64252512255,85.780809069828920.6974042981526734,
A_074_05,-968.1545076681726,3.4861414825787183,0.05312280604061548,4.999999999999999,1.5896496110906069,2749.573073824711,29.8866638459207720.8246341037182737,
A_074_06,-693.6451419390488,3.072501561009784,0.025538609259215552,4.999999999999999,3.0442900976976697,17100.57812119596,187.918440892263250.2800886179916321,
A_074_07,-1008.489430492717,3.9943817433110027,0.09799915351724588,4.999999999999999,1.858309726746147,1415.1539407772625,17.6894242597157820.9051257748612189,
A_075_01,141355.29671911994,904631586.9283117,2598.766938870767,0.12003709364719373,0.5683400919223822,2104.167349978044,65.755229686813860.991364933429918,
A_075_02,-1500.8587040045868,15164.987222927231,0.5267787070380524,4.99459834879805,0.9646492163039938,1291.4584459624446,39.135104423104380.9632851754578949,
A_075_03,-309.55291891285674,2.5765669383814265,0.11866609908429945,4.999999999999999,4.999999999999999,39818.81770828677,1076.1842623861290.0778640642543198,
A_075_04,-582.1497129151984,2.6823959755467435,0.18118671067733694,4.999999999999999,4.444089376183589,151.67767060604626,5.4170596645016510.9269077879931779,
A_075_05,6792.531404514611,0.13677868011786398,13.76363266519227,3.822790126325655,0.8303958665774409,543.8831291139835,16.9963477848119840.9953066504413487,
A_079_01,7168.596655817434,266056.3917810186,1.9178589567702768,4.993431296582245,1.3065232602995311,12496.697040540745,304.79748879367670.9808789576935218,
A_079_02,10616.376203693946,12871.620895016953,2.330227379685934,4.9651962701753165,1.2125563898915084,21966.413550005684,477.530729347949660.9830613318910735,
A_079_03,94474.04993116943,868084206.9510032,3375.490816608735,0.13428659952929525,0.589165650856836,459.3687617730876,16.4060272061816970.9902157448839095,
A_079_04,117821.83547297592,655698576.7070081,1892.2075694772104,0.11295951798452017,0.5678549418743644,2216.727786364407,67.173569283769910.9906750382311608,
A_081_01,8586.88090613452,651.0569875419909,5.294562678527148,1.7530927156765158e-14,0.5174964675455833,18560.263396762035,363.926733269843850.9563226254977066,
A_081_02,9783.36071658747,7.822983232884325e-10,0.6098519129293746,4.975,1.105198232161094,92329.18303150023,1709.79968576852270.9334285340365147,
A_083_01,820.3679836983232,478.898807482675,5.6112393735264225,6.253367102024357e-16,0.9391583684971664,67.3615537967163,3.96244434098331140.985343136911563,
A_083_02,4073.9735419985795,0.00016139567188977466,2.2364885555468965,1.0254588020403367e-11,0.4362521989890761,680.3442600723489,29.5801852205369080.9796578016090617,
A_083_03,4537.922058690765,6367.147209076745,1.484615694951593,9.600511281203595e-20,0.9256271309917774,5610.566897321055,280.528344866052750.9394197896717635,
A_083_04,6983.091361438561,15069.48896340442,1.19507339296353,3.1771401857364135e-30,2.1534814753539515,29827.85440083377,1355.81156367426230.8673597136985053,
A_083_05,3417.686816282987,60.19394034807192,0.8779399466589225,3.335339411987873e-29,2.224458202692882,2553.092424382362,212.75770203186350.9534059509526533,
A_083_06,6273.509964155844,468706.0036803552,0.4605000627669614,8.663557546938547e-26,1.1340468829049628,3709.751889236307,264.98227780259340.9408892642127017,
A_083_07,510.9851386664605,10705.970426269212,10.524776417565393,4.999999999984879,1.668020282251596,92.10956215013613,7.0853509346258550.962030246716274,
A_083_08,4035.915714546979,391.07141715192085,4.771424186966202,4.729741240488126e-28,0.2504443715931151,656.9500917023228,46.925006550165910.9497730769773556,
A_083_09,4928.530900079149,201.9687627395313,3.5432092402028834,3.7895010684848e-12,0.2498468788252945,2430.9847858296444,151.936549114352770.8718283142537031,
A_083_10,5744.180657549731,1023.4352632234213,0.3700819404185772,4.81611712853483e-14,0.5326638026874602,728.133462689157,40.45185903828650.9721869655727242,
A_083_11,2521.0441088912985,1.2832634924160262e-10,0.8634785796445604,2.1169149607838147,1.7389703232614837,865.3623584488197,57.6908238965879860.9734888355837793,
A_083_12,4247.539453347064,2.817504988421101e-15,1.3998000537477493,1.376872914696891,1.5219333383131333,4209.362225131496,350.78018542762470.9542082857341639,
A_085_01,7975.206625364622,1662485.0729645737,0.8793848844614413,8.275179402128148e-28,3.8830179364968336,63578.811930062686,993.41893640722960.9517495960994868,
A_085_02,6551.533354004039,3785040.211796033,1.0663898340929354,6.2993261898561634e-27,0.4005977277750129,23749.174250950884,1079.50792049776740.8636967706673369,
A_085_03,757.2705818183722,3.77163365011252,0.010369387783797642,7.280195324536757e-26,4.973681810349624,9.999999999999996e-251,-inf-5.248976761513427,
A_085_04,5687.234985670351,15007.613996103943,0.7372781528281471,9.791235696769227e-33,4.999999999999999,19221.723348954387,582.47646511982990.9498245171265074,
A_085_05,5083.8127833770895,6.165793987555388,0.5811684313568649,4.999999999998778,2.5327754087058105,44812.060635772716,1792.4824254309090.6818505254294636,
A_085_06,4775.3676872975675,0.09378266936558938,0.66763253490189,4.685333801412074,4.999999999999999,35809.440487592,895.23601218980.9458983783061323,
A_085_07,1063.8404702969926,1.2956917632056977,0.3130168556181009,4.999999999999999,4.999999999999999,9.999999999999996e-251,-inf0.3847664360412315,
A_085_08,-217.49195678247608,11.085834846198726,0.5985330653372617,4.897121416831116,4.999999999999999,9.999999999999996e-251,-inf-0.757124248049786,
A_086_03,13612.255120274353,114.55050393845647,1428.3132468346512,3.1293661638913326,0.5927811554652594,3312.520611729709,207.03253823310680.9906898706147285,
A_086_07,12990.474877809616,3.9853537730227817,1100.4698688110414,4.830335315922799,0.3936089899148377,5453.65919167796,389.54708511985430.9847053180309924,
A_086_09,55120.60817752958,77730621789.8622,82794942.12612468,0.05239879632680816,0.21062852668433746,8057.18319531321,619.78332271640070.9387724499351319,
A_086_11,24419.5944966246,352.28394946533257,15613.852641448691,4.999999999999999,0.3752133812714144,276.284271239711,34.535533904963880.9974566121440951,
A_086_13,6130.857594412317,11212.72946906173,203.2363771134931,1.7099239369463688e-25,0.4234639657539745,3893.2192761208057,324.43493967673380.9616931683970983,
A_086_14,52518.831785084934,597.4485942816095,59481.358967928274,1.2045161866602314,0.4618446166624831,3940.867715376266,394.08677153762660.9696196740087041,
A_086_18,9270.197548918291,7630.7939826473585,130.19163915010924,1.389377881077836e-29,0.6440909325719822,1409.0156145504718,201.28794493578170.9793052115398084,
A_086_19,60758.65731127874,170.102280227388,194050845.1149608,4.2532553208123963e-08,0.14808934623920414,3106.3051699559605,517.71752832599340.9340079695294333,
A_086_20,86874.01521403271,876.2392124817868,152163.42160347087,0.9067078055361996,0.4259533091605569,3296.976244711747,366.330693856860760.9709469936976359,
A_086_25,23385.287548725366,0.002916435354592205,59582.867888584755,3.1072559750819226e-05,0.280198490282192,7772.291151674502,597.86855012880790.967798157684508,
A_086_26,11195.042808647066,2003.397333838768,865.8655365611559,0.5534926579204543,0.6146416843096396,24571.97457732147,2047.66454811012230.9264977005222108,
A_086_30,10857.899735938232,662.8444676191139,511.55201515461965,2.584687345062688e-24,0.4417922241626004,7898.927535586021,718.08432141691090.9701602908324116,
A_086_31,50273.14584054144,9.99051725437622e-24,47592030.89731474,0.3341995723529411,0.13472949291037534,11488.99670504123,1148.89967050412320.9391180410053339,
A_086_35,8647.654665020807,246266.50324254538,52.53558900886381,2.947327821431812e-29,0.7184943788433164,8233.316798740712,1372.21946645678530.9551845644654577,
A_086_36,13664.464196470724,153.05714443043814,381.95319990528634,3.8555529841148553,0.4329806087669392,9.999999999999996e-251,-inf0.8734155267090922,
A_086_37,11244.148896536975,2527.736321454905,152.40908984222824,5.921003416901432e-30,0.8749933181375384,5708.238514110689,570.82385141106890.9745520304305805,
A_086_41,11290.049083660922,120.12204400304472,48.74495096256546,2.0678171484494074e-30,0.50961156790446,11550.533129954143,1155.05331299541420.954112143124308,
A_086_42,8142.485146380119,66832.06570237954,34.28293633580043,7.435369561453696e-30,0.6886046830730675,6538.620474661466,1089.77007911024430.9604128922659869,
DD,16293.09794605446,0.5494699807946604,17924.27381325742,0.8404659547213721,0.24816115243414602,62.3921942785156,7.799024284814450.9985965581194234,
FF,1762.7061027012742,31182.31501336901,3.419597895166378,5.5585162045299295e-27,2.0560647543198978,2771.022107495856,102.630448425772440.9690739641676597,
